Name;ID;Country;Rank 3 Year;Rank 2 Year;Rank 1 Year;Rank 0 Year;Ideal Rank;Max Skill;Traits;Skill;Experience;Loyalty;Type;Picture;Start Year;End Year;Retirement Year;x
Adams P.D.;240001;USA;1944;1946;1990;1990;3;7;256;2;0;5;0;L60000;1944;1970;1999;x
Alexander G.M.;240002;USA;1939;1990;1990;1990;3;4;1;1;0;5;0;L60001;1939;1970;1999;x
Alfonte;240003;USA;1943;1990;1990;1990;3;4;0;1;0;5;0;L60002;1943;1946;1999;x
Alkire;240004;USA;1952;1990;1990;1990;3;5;32768;1;0;5;2;L60003;1952;1956;1999;x
Allen A.R.;240005;USA;1941;1944;1990;1990;2;7;128;2;0;5;0;L60004;1941;1970;1999;x
Allen F.A.;240006;USA;1942;1990;1990;1990;3;5;64;1;0;5;0;L60005;1942;1946;1999;x
Allen R.R.;240007;USA;1941;1990;1990;1990;3;5;128;1;0;5;0;L60006;1941;1970;1999;x
Almond E.M.;240008;USA;1942;1944;1990;1990;2;5;0;2;0;5;0;L60007;1942;1970;1999;x
Althaus;240009;USA;1943;1990;1990;1990;3;5;128;1;0;5;0;L60008;1943;1946;1999;x
Andersen;240010;USA;1940;1990;1990;1990;3;4;0;1;0;5;0;L60009;1940;1942;1999;x
Anderson J.B.;240011;USA;1942;1990;1990;1990;3;4;0;1;0;5;0;L60010;1942;946;1999;x
Ankcorn;240014;USA;1939;1990;1990;1990;3;4;0;1;0;5;0;L60013;1939;1944;1999;x
Arms;240015;USA;1941;1990;1990;1990;3;4;0;1;0;5;0;L60014;1941;1946;1999;x
Armstrong;240016;USA;1942;1990;1990;1990;3;5;64;1;0;5;0;L60015;1942;1970;1999;x
Arnold W.H.;240017;USA;1942;1944;1990;1990;2;6;0;2;0;5;0;L60016;1942;1970;1999;x
Arrowsmith;240018;USA;1942;1990;1990;1990;3;4;0;1;0;5;0;L60017;1942;1970;1999;x
Baade;240019;USA;1942;1990;1990;1990;3;4;0;1;0;5;0;L60018;1942;1946;1999;x
Baehr;240020;USA;1930;1990;1990;1990;3;5;64;1;0;5;0;L60019;1930;1946;1999;x
Baird;240021;USA;1942;1990;1990;1990;3;4;1;1;0;5;0;L60020;1942;1970;1999;x
Baker;240022;USA;1941;1990;1990;1990;3;4;0;1;0;5;0;L60021;1941;1946;1999;x
Barker;240023;USA;1940;1990;1990;1990;3;6;64;1;0;5;0;L60022;1940;1947;1999;x
Barnes;240024;USA;1938;1990;1990;1990;3;5;64;1;0;5;0;L60023;1938;1946;1999;x
Barnett A.J.;240025;USA;1941;1990;1990;1990;3;5;0;1;0;5;0;L60024;1941;1970;1999;x
Barr D.G.;240026;USA;1941;1990;1990;1990;3;6;128;1;0;5;0;L60025;1941;1970;1999;x
Barrett;240027;USA;1944;1990;1990;1990;3;5;64;1;0;5;0;L60026;1944;1970;1999;x
Barton R.O.;240028;USA;1930;1990;1990;1990;3;5;0;1;0;5;0;L60027;1930;1963;1999;x
Bash;240029;USA;1930;1990;1990;1990;3;4;512;1;0;5;0;L60028;1930;1938;1999;x
Anderson;241184;USA;1908;1990;1990;1990;3;7;2048;2;0;5;1;6198;1908;1930;1999;x
Beasly R.W.;240030;USA;1941;1990;1990;1990;3;4;64;1;0;5;0;L60029;1941;1961;1999;x
Bedingfield;240031;USA;1945;1990;1990;1990;3;5;32;1;0;5;0;L60030;1945;1970;1999;x
Bedell Smith;240032;USA;1941;1942;1944;1990;1;6;4;3;0;5;0;L60031;1941;1970;1999;x
Beiderlinden;240033;USA;1943;1990;1990;1990;3;5;64;1;0;5;0;L60032;1943;1970;1999;x
Beightler;240034;USA;1940;1990;1990;1990;3;6;0;1;0;5;0;L60033;1940;1970;1999;x
Billingslea;240035;USA;1940;1990;1990;1990;3;4;2;1;0;5;0;L60034;1940;1943;1999;x
Birkhead C.V.;240036;USA;1930;1941;1990;1990;3;4;0;2;0;5;0;L60035;1930;1948;1999;x
Bissell;240037;USA;1943;1990;1990;1990;3;4;64;1;0;5;0;L60036;1943;1946;1999;x
Bixby;240038;USA;1944;1990;1990;1990;3;5;128;1;0;5;0;L60037;1944;1990;1999;x
Blackmore P.G.;240039;USA;1940;1990;1990;1990;3;4;1;1;0;5;0;L60038;1940;1970;1999;x
Blakeley H.W.;240040;USA;1940;1990;1990;1990;3;5;128;1;0;5;0;L60039;1940;1966;1999;x
Blount R.E.;240041;USA;1943;1990;1990;1990;3;4;4;1;0;5;0;L60040;1943;1969;1999;x
Bluemel;240042;USA;1940;1990;1990;1990;3;4;256;1;0;5;0;L60041;1940;1942;1999;x
Boatner H.L.;240043;USA;1942;1990;1990;1990;3;6;5;1;0;5;0;L60042;1942;1970;1999;x
Boggs;240044;USA;1939;1990;1990;1990;3;4;1;1;0;5;0;L60043;1939;1942;1999;x
Bohn;240045;USA;1942;1990;1990;1990;3;6;128;1;0;5;0;L60044;1942;1945;1999;x
Bolling;240046;USA;1939;1945;1990;1990;3;5;0;2;0;5;0;L60045;1939;1970;1999;x
Bolte;240047;USA;1930;1930;1942;1990;1;5;0;2;0;5;0;L60046;1940;1970;1999;x
Bonesteel jr.;240048;USA;1941;1990;1990;1990;3;5;0;1;0;5;0;L60047;1941;1970;1999;x
Booth;240049;USA;1942;1945;1990;1990;3;5;0;2;0;5;0;L60048;1942;1970;1999;
Boyd;240054;USA;1938;1990;1990;1990;3;4;0;1;0;5;0;L60053;1938;1970;1999;x
Bradford  K.S.;240055;USA;1941;1990;1990;1990;3;4;0;1;0;5;0;L60054;1941;1946;1999;x
Bradford W.B.;240056;USA;1941;1990;1990;1990;3;5;4;1;0;5;0;L60055;1941;1970;1999;x
Bradley  J.L.;240057;USA;1940;1990;1990;1990;3;7;256;1;0;5;0;L60056;1940;1970;1999;x
Bradley  O.N.;240058;USA;1941;1943;1944;1946;1;9;37;5;0;5;0;L60057;1941;1970;1999;x
Bradshaw;240059;USA;1941;1990;1990;1990;3;4;2;1;0;5;0;L60058;1941;1970;1999;x
Brann;240060;USA;1943;1990;1990;1990;3;4;0;1;0;5;0;L60059;1943;1945;1999;x
Braun;240061;USA;1941;1990;1990;1990;3;5;128;1;0;5;0;L60060;1941;1945;1999;x
Brees;240062;USA;1930;1938;1990;1990;2;6;513;2;0;5;0;L60061;1930;1941;1999;x
Brett;240063;USA;1941;1990;1990;1990;3;4;128;1;0;5;0;L60062;1941;1943;1999;x
Brewer C.B.;240064;USA;1941;1990;1990;1990;3;6;128;1;0;5;0;L60063;1941;1970;1999;x
Britton;240065;USA;1943;1990;1990;1990;3;5;32;1;0;5;0;L60064;1943;1947;1999;x
Brooks;240066;USA;1942;1946;1990;1990;3;7;128;2;0;5;0;L60065;1942;1970;1999;x
Brougher W.E.;240067;USA;1930;1990;1990;1990;3;4;1;1;0;5;0;L60066;1939;1965;1999;x
Brown A.E.;240068;USA;1942;1990;1990;1990;3;5;4;1;0;5;0;L60067;1942;1970;1999;x
Bruce;240069;USA;1938;1942;1990;1990;2;5;128;2;0;5;0;L60068;1938;1970;1999;x
Brush;240070;USA;1930;1990;1990;1990;3;4;0;1;0;5;0;L60069;1930;1949;1999;x
Bryden;240071;USA;1937;1990;1990;1990;3;6;576;1;0;5;0;L60070;1937;1944;1999;x
Bucher O.B.;240072;USA;1942;1990;1990;1990;3;4;64;1;0;5;0;L60071;1942;1962;1999;x
Buckmaster;240073;USA;1941;1955;1990;1990;3;5;4096;1;0;5;1;L60072;1941;1970;1999;x
Buckner S.B.;240074;USA;1940;1944;1954;1990;2;7;20;2;0;5;0;L60073;1940;1945;1999;x
Buechler;240075;USA;1942;1990;1990;1990;3;5;256;1;0;5;0;L60074;1942;1990;1999;x
Bull;240076;USA;1939;1943;1990;1990;2;5;0;2;0;5;0;L60075;1939;1970;1999;x
Bullavini;240077;USA;1945;1990;1990;1990;3;4;4;1;0;5;0;L60076;1945;1970;1999;x
Burnell;240078;USA;1942;1990;1990;1990;3;5;2;1;0;5;0;L60077;1942;1970;1999;x
Burress W.A.;240079;USA;1942;1990;1990;1990;3;5;0;1;0;5;0;L60078;1942;1970;1999;x
Busbee C.M.;240080;USA;1941;1990;1990;1990;3;5;64;1;0;5;0;L60079;1941;1946;1999;x
Butler;240081;USA;1941;1990;1990;1990;3;6;36;1;0;5;0;L60080;1941;1970;1999;x
Byers;240082;USA;1943;1947;1990;1990;3;8;256;2;0;5;0;L60081;1943;1970;1999;x
Cabell C.P.;240083;USA;1942;1951;1958;1990;2;7;8192;2;0;5;2;L60082;1942;1962;1999;x
Caffey;240084;USA;1942;1990;1990;1990;3;5;256;1;0;5;0;L60083;1942;1970;1999;x
Camp;240085;USA;1941;1990;1990;1990;3;5;128;1;0;5;0;L60085;1941;1946;1999;x
Campbell;240086;USA;1942;1990;1990;1990;3;4;1;1;0;5;0;L60086;1942;1970;1999;x
Canham;240087;USA;1944;1990;1990;1990;3;6;256;1;0;5;0;L60087;1944;1970;1999;x
Canine;240088;USA;1942;1944;1990;1990;2;7;32;2;0;5;0;L60088;1942;1970;1999;x
Cannon;240089;USA;1943;1945;1990;1990;2;5;0;2;0;5;0;L60089;1943;1970;1999;x
Casey;240090;USA;1941;1990;1990;1990;3;6;33;1;0;5;0;L60090;1941;1970;1999;x
Cates C.B.;240091;USA;1941;1943;1947;1990;2;7;256;3;0;5;0;L60091;1941;1970;1999;x
Chaffee;240092;USA;1937;1990;1990;1990;3;5;0;1;0;5;0;L60092;1937;1941;1999;x
Chamberlin;240093;USA;1930;1942;1990;1990;2;4;4;2;0;5;0;L60093;1940;1970;1999;x
Chapman;240094;USA;1940;1990;1990;1990;3;5;256;1;0;5;0;L60094;1940;1943;1999;x
Chase;240095;USA;1942;1990;1990;1990;3;5;256;1;0;5;0;L60095;1942;1970;1999;x
Christiansen;240096;USA;1942;1990;1990;1990;3;6;4;1;0;5;0;L60096;1942;1970;1999;x
Chynoweth;240097;USA;1940;1990;1990;1990;3;4;2;1;0;5;0;L60097;1940;1942;1999;x
Clarke;240099;USA;1944;1990;1990;1990;3;6;128;1;0;5;0;L60099;1944;1970;1999;x
Clarkson P.W.;240100;USA;1941;1990;1990;1990;2;5;0;1;0;5;0;L60100;1941;1962;1999;x
Clay L.D.;240101;USA;1941;1945;1947;1990;2;8;1;3;0;5;0;L60101;1941;1970;1999;x
Colbern;240102;USA;1942;1990;1990;1990;3;4;64;1;0;5;0;L60102;1942;1970;1999;x
Collier J.H.;240103;USA;1943;1954;1990;1990;2;5;128;2;0;5;0;L60103;1943;1970;1999;
Corlett;240109;USA;1943;1945;1990;1990;3;7;128;2;0;5;0;L60109;1943;1970;1999;x
Coulter J.B.;240110;USA;1940;1951;1990;1990;2;6;4;2;0;5;0;L60110;1940;1970;1999;x
Cox;240111;USA;1938;1990;1990;1990;3;4;2;1;0;5;0;L60111;1938;1944;1999;x
Craig;240112;USA;1930;1930;1930;1990;1;6;4;2;0;5;0;L60112;1930;1939;1999;x
Critten;240113;USA;1940;1990;1990;1990;3;5;64;1;0;5;0;L60113;1940;1946;1999;x
Crittenberger;240114;USA;1939;1942;1990;1990;2;7;128;2;0;5;0;L60114;1939;1970;1999;x
Cruver;240115;USA;1943;1990;1990;1990;3;4;32768;1;0;5;2;L60115;1943;1966;1999;x
Culin;240116;USA;1941;1990;1990;1990;3;4;0;1;0;5;0;L60116;1941;1946;1999;x
Cummins;240117;USA;1930;1990;1990;1990;3;5;0;1;0;5;0;L60117;1938;1943;1999;x
Dager;240118;USA;1941;1990;1990;1990;3;5;128;1;0;5;0;L60118;1941;1947;1999;x
Dahlquist;240119;USA;1942;1943;1990;1990;2;7;128;2;0;5;0;L60119;1942;1970;1999;x
Daly C.M.;240120;USA;1938;1990;1990;1990;3;5;128;1;0;5;0;L60120;1938;1970;1999;x
Daniel;240121;USA;1942;1990;1990;1990;3;5;128;1;0;5;0;L60121;1942;1970;1999;x
Davidson;240122;USA;1939;1943;1990;1990;2;5;2;2;0;5;0;L60122;1939;1970;1999;x
Davis B.O.;240123;USA;1930;1990;1990;1990;3;6;0;1;0;5;0;L60123;1940;1948;1999;x
Davis R.G.;240124;USA;1943;1970;1971;1990;3;5;2;1;0;5;0;L60124;1943;1970;1999;x
de la Mesa Allan;240125;USA;1940;1990;1990;1990;3;5;1;1;0;5;0;L60125;1940;1946;1999;x
Dean;240126;USA;1942;1990;1990;1990;3;5;0;1;0;5;0;L60126;1942;1970;1999;x
Decker;240127;USA;1944;1952;1956;1990;2;7;4;2;0;5;0;L60127;1944;1970;1999;x
Devers;240128;USA;1940;1941;1943;1990;2;7;128;4;0;5;0;L60128;1940;1970;1999;x
Devine;240129;USA;1939;1990;1990;1990;3;6;128;1;0;5;0;L60129;1939;1970;1999;x
DeWitt;240130;USA;1930;1939;1943;1990;1;7;4;3;0;5;0;L60130;1930;1947;1999;x
Dillon;240131;USA;1943;1990;1990;1990;3;4;0;1;0;5;0;L60131;1943;1970;1999;x
Doe;240132;USA;1942;1990;1990;1990;3;4;0;1;0;5;0;L60132;1942;1970;1999;x
Donlon;240133;USA;1941;1990;1990;1990;3;5;64;1;0;5;0;L60133;1941;1945;1999;x
Donovan;240134;USA;1938;1990;1990;1990;3;4;2;1;0;5;0;L60134;1938;1943;1999;x
DuBose T.J.;240136;USA;1943;1990;1990;1990;3;6;32768;1;0;5;2;L60136;1943;1970;1999;x
Dulaney;240137;USA;1945;1990;1990;1990;3;4;0;1;0;5;0;L60137;1945;1970;1999;x
Dunckel W.C.;240138;USA;1942;1990;1990;1990;3;4;64;1;0;5;0;L60138;1942;1970;1999;x
Dunkelberg;240139;USA;1943;1990;1990;1990;3;6;4;1;0;5;0;L60139;1943;1970;1999;x
Eagles;240140;USA;1943;1946;1990;1990;3;4;2;2;0;5;0;L60140;1943;1970;1999;
Embick;240147;USA;1938;1939;1990;1990;2;6;128;2;0;5;0;L60149;1938;1946;1999;x
Erskine G.B.;240148;USA;1942;1943;1990;1990;2;7;256;2;0;5;0;L60150;1942;1970;1999;x
Evans  C.;240149;USA;1942;1990;1990;1990;3;4;64;1;0;5;0;L60151;1942;1946;1999;x
Evans  V.;240150;USA;1942;1990;1990;1990;3;6;128;1;0;5;0;L60152;1942;1970;1999;x
Farrell;240151;USA;1943;1990;1990;1990;3;7;288;1;0;5;0;L60153;1943;1970;1999;x
Ferenbaugh;240152;USA;1944;1947;1990;1990;3;5;32;2;0;5;0;L60154;1944;1970;1999;x
Finley;240153;USA;1942;1990;1990;1990;3;5;4;1;0;5;0;L60155;1942;1946;1999;x
Fort;240154;USA;1939;1990;1990;1990;3;4;32;1;0;5;0;L60156;1939;1942;1999;x
Fortier L.J.;240155;USA;1944;1990;1990;1990;3;4;0;1;0;5;0;L60157;1944;1970;1999;x
Franke;240156;USA;1930;1990;1990;1990;3;5;64;1;0;5;0;L60158;1937;1944;1999;x
Fredendall;240157;USA;1938;1941;1990;1990;2;5;4;2;0;5;0;L60159;1938;1946;1999;x
Frederick;240158;USA;1944;1990;1990;1990;3;6;4;1;0;5;0;L60160;1944;1952;1999;x
Freeman;240159;USA;1943;1946;1990;1990;3;7;32;2;0;5;0;L60161;1943;1970;1999;x
Fry;240160;USA;1944;1990;1990;1990;3;5;0;1;0;5;0;L60162;1944;1970;1999;x
Fuller;240161;USA;1941;1990;1990;1990;3;4;0;1;0;5;0;L60163;1941;1946;1999;x
Futch T.L.;240162;USA;1941;1990;1990;1990;3;5;64;1;0;5;0;L60164;1941;1970;1999;x
Gaffey;240163;USA;1943;1990;1990;1990;3;6;128;1;0;5;0;L60165;1943;1946;1999;x
Gallagher;240164;USA;1939;1990;1990;1990;3;6;1;1;0;5;0;L60166;1939;1970;1999;x
Gavin;240165;USA;1942;1944;1990;1990;2;7;256;2;0;5;0;L60167;1942;1970;1999;x
Gay;240166;USA;1941;1943;1990;1990;2;6;128;2;0;5;0;L60168;1941;1970;1999;x
Geiger R.S.;240167;USA;1942;1943;1990;1990;2;8;261;2;0;5;0;L60169;1942;1947;1999;x
Gerhardt;240168;USA;1942;1990;1990;1990;3;5;0;1;0;5;0;L60170;1942;1970;1999;x
Gerow  L.S.;240169;USA;1942;1990;1990;1990;3;4;0;1;0;5;0;L60171;1942;1970;1999;x
Gerow  L.T.;240170;USA;1939;1945;1954;1990;2;7;4;3;0;5;0;L60172;1939;1970;1999;x
Gill W.H.;240171;USA;1938;1990;1990;1990;3;5;0;1;0;5;0;L60174;1938;1970;1999;x
Gillem A.C.;240172;USA;1939;1943;1990;1990;2;6;128;2;0;5;0;L60175;1939;1970;1999;x
Ginsburgh;240173;USA;1930;1990;1990;1990;3;7;16;1;0;5;0;L60176;1930;1945;1999;x
Greene;240174;USA;1938;1990;1990;1990;3;6;128;1;0;5;0;L60178;1938;1946;1999;x
Gregory;240175;USA;1930;1940;1990;1990;2;4;1;2;0;5;0;L60179;1940;1946;1999;x
Griffith;240176;USA;1938;1990;1990;1990;3;5;1;1;0;5;0;L60180;1938;1945;1999;x
Griner G.W.;240177;USA;1942;1990;1990;1990;3;5;256;1;0;5;0;L60181;1942;1970;1999;x
Griswold;240178;USA;1930;1941;1990;1990;2;5;5;2;0;5;0;L60182;1940;1947;1999;x
Groves;240179;USA;1942;1944;1990;1990;2;4;32;2;0;5;0;L60183;1942;1970;1999;x
Grow;240180;USA;1930;1990;1990;1990;3;6;128;1;0;5;0;L60184;1939;1970;1999;x
Gruenther;240181;USA;1941;1944;1990;1990;3;7;4;2;0;5;0;L60185;1941;1970;1999;x
Grunert;240182;USA;1938;1940;1990;1990;2;5;1;1;0;5;0;L60186;1938;1945;1999;x
Guthrie;240183;USA;1944;1990;1990;1990;3;6;5;1;0;5;0;L60187;1944;1970;1999;x
Haffner;240184;USA;1941;1990;1990;1990;3;4;0;1;0;5;0;L60188;1941;1945;1999;x
Haines;240185;USA;1938;1990;1990;1990;3;4;0;1;0;5;0;L60189;1938;1945;1999;x
Haislip W.H.;240186;USA;1940;1945;1949;1990;1;6;4;3;0;5;0;L60190;1940;1970;1999;x
Hall C.H.;240187;USA;1939;1942;1990;1990;2;5;0;1;0;5;0;L60191;1939;1970;1999;x
Handy T.T.;240188;USA;1940;1944;1945;1990;2;7;4;3;0;5;0;L60192;1940;1970;1999;x
Hardaway;240189;USA;1938;1990;1990;1990;3;5;2;1;0;5;0;L60193;1938;1970;1999;x
Harding  E.F.;240190;USA;1938;1990;1990;1990;2;4;0;1;0;5;0;L60194;1938;1946;1999;x
Harding  N.B.;240191;USA;1942;1990;1990;1990;3;5;32768;1;0;5;2;L60195;1942;1970;1999;x
Harmon;240192;USA;1939;1946;1990;1990;3;6;128;2;0;5;0;L60196;1939;1970;1999;x
Harper;240193;USA;1930;1939;1990;1990;2;4;2;2;0;5;0;L60197;1940;1960;1999;x
Harris C.S.;240194;USA;1944;1990;1990;1990;3;5;64;1;0;5;0;L60198;1944;1970;1999;x
Harrison jr.;240195;USA;1942;1990;1990;1990;3;6;4;1;0;5;0;L60199;1942;1970;1999;x
Hendrix R.R.;240203;USA;1942;1990;1990;1990;3;4;2;1;0;5;0;L60207;1942;1970;1999;x
Herren T.W.;240204;USA;1930;1954;1990;1990;2;4;0;1;0;5;0;L60208;1942;1970;1999;x
Hess;240205;USA;1938;1990;1990;1990;3;5;2;1;0;5;0;L60209;1938;1970;1999;x
Hibbs;240206;USA;1942;1990;1990;1990;3;4;0;1;0;5;0;L60210;1942;1946;1999;x
Hickey D.O.;240207;USA;1937;1941;1990;1990;2;5;128;2;0;5;0;L60211;1937;1970;1999;x
Hickey  T.F.;240208;USA;1940;1943;1990;1990;2;6;256;2;0;5;0;L60212;1940;1970;1999;x
Hodges C.B.;240209;USA;1930;1940;1990;1990;2;5;64;1;0;5;0;L60213;1930;1944;1999;x
Hobbs;240210;USA;1940;1990;1990;1990;3;6;128;1;0;5;0;L60214;1940;1970;1999;x
Hodes;240211;USA;1944;1990;1990;1990;3;6;8;1;0;5;0;L60215;1944;1970;1999;x
Hodge;240212;USA;1942;1943;1945;1990;2;7;32;3;0;5;0;L60216;1942;1970;1999;x
Hodges C.H.;240213;USA;1939;1943;1945;1990;1;9;132;4;0;5;0;L60217;1939;1966;1999;x
Holcomb;240214;USA;1930;1930;1942;1990;1;6;768;2;0;5;0;L60218;1935;1944;1999;x
Hoge;240215;USA;1942;1945;1990;1990;3;6;128;2;0;5;0;L60219;1942;1970;1999;x
Huebner;240216;USA;1938;1945;1990;1990;3;4;0;2;0;5;0;L60220;1938;1970;1999;x
Hunt;240217;USA;1944;1947;1990;1990;3;6;256;2;0;5;0;L60221;1944;1970;1999;x
Jackson Stonewall;240218;USA;1939;1990;1990;1990;3;5;0;1;0;5;0;L60222;1939;1943;1999;x
Jones L.E.;240223;USA;1939;1990;1990;1990;3;4;256;1;0;5;0;L60227;1939;1946;1999;x
Joyce;240224;USA;1930;1990;1990;1990;3;6;513;2;0;5;0;L60228;1930;1944;1999;x
Kean;240225;USA;1942;1943;1990;1990;2;6;4;2;0;5;0;L60229;1943;1970;1999;x
Kendall;240226;USA;1942;1944;1990;1990;2;6;4;2;0;5;0;L60230;1942;1970;1999;x
Keyes;240227;USA;1939;1945;1990;1990;3;7;128;2;0;5;0;L60231;1939;1990;1999;x
Kitts;240228;USA;1930;1990;1990;1990;3;5;512;1;0;5;1;L60232;1930;1943;1999;x
Krueger;240229;USA;1930;1939;1941;1990;1;5;4;3;0;5;0;L60233;1930;1946;1999;x
LaChanche Doan;240230;USA;1944;1990;1990;1990;3;6;256;1;0;5;0;L60234;1944;1970;1999;x
LaGrew E.D.;240231;USA;1945;1990;1990;1990;3;6;128;1;0;5;0;L60235;1945;1970;1999;x
Larkin  C.A.;240232;USA;1942;1945;1990;1990;3;6;256;2;0;5;0;L60236;1942;1946;1999;x
Larkin  T.;240233;USA;1943;1946;1990;1990;3;6;1;2;0;5;0;L60237;1943;1970;1999;x
Lauer;240234;USA;1938;1990;1990;1990;3;5;0;1;0;5;0;L60238;1938;1944;1999;x
Lawson;240235;USA;1941;1990;1990;1990;3;5;8192;1;0;5;2;L60239;1941;1970;1999;x
Lear;240236;USA;1930;1930;1944;1990;2;7;1;2;0;5;0;L60240;1936;1945;1999;x
Lee W.C.;240237;USA;1942;1944;1990;1990;2;6;257;2;0;5;0;L60241;1942;1948;1999;x
Lehman;240238;USA;1942;1990;1990;1990;3;4;0;1;0;5;0;L60242;1942;1945;1999;x
Lejeune J.A.;240239;USA;1930;1930;1990;1990;2;6;768;1;0;5;0;L60243;1916;1929;1999;x
Lemnitzer;240240;USA;1943;1952;1955;1990;1;6;4;3;0;5;0;L60244;1943;1970;1999;x
Leonard;240241;USA;1942;1990;1990;1990;3;5;128;1;0;5;0;L60245;1942;1970;1999;x
Lewis J.M.;240242;USA;1943;1990;1990;1990;3;5;6;1;0;5;0;L60246;1943;1954;1999;x
Livesay;240243;USA;1941;1990;1990;1990;3;5;128;1;0;5;0;L60247;1941;1970;1999;x
Lockwood;240244;USA;1941;1946;1990;1990;3;6;256;2;0;5;0;L60248;1941;1970;1999;x
Lucas J.P.;240245;USA;1939;1943;1990;1990;2;5;64;2;0;5;0;L60249;1939;1970;1999;x
Macon R.C.;240247;USA;1941;1990;1990;1990;3;5;128;1;0;5;0;L60251;1941;1970;1999;x
Magruder;240248;USA;1939;1990;1990;1990;3;6;128;1;0;5;0;L60252;1939;1946;1999;x
Markham;240249;USA;1930;1930;1990;1990;2;5;32;1;0;5;0;L60253;1930;1938;1999;x
Marshall G.;240250;USA;1930;1938;1939;1944;1;9;4;4;0;5;0;L60254;1936;1947;1999;x
Marston;240251;USA;1943;1990;1990;1990;3;6;256;1;0;5;0;L60255;1943;1970;1999;x
Martin  E.;240252;USA;1937;1990;1990;1990;3;4;0;1;0;5;0;L60256;1937;1967;1999;x
Martin  F.;240253;USA;1930;1990;1990;1990;3;4;2;1;0;5;0;L60257;1930;1939;1999;x
Mattson;240254;USA;1938;1940;1990;1990;2;5;2048;2;0;5;1;L60258;1938;1946;1999;x
McNarney;240255;USA;1940;1942;1945;1990;3;5;131072;1;0;5;2;L60259;1940;1970;1999;x
McAuliffe;240256;USA;1941;1944;1990;1990;3;7;256;2;0;5;0;L60260;1941;1970;1999;x
McBride;240257;USA;1940;1942;1990;1990;2;6;65;2;0;5;0;L60261;1940;1970;1999;x
McClure;240258;USA;1943;1990;1990;1990;3;5;32;1;0;5;0;L60262;1943;1970;1999;x
McGinnis;240259;USA;1944;1990;1990;1990;3;6;0;1;0;5;2;L60263;1944;1970;1999;x
Meyer;240266;USA;1940;1990;1990;1990;3;5;4;1;0;5;0;L60270;1940;1970;1999;x
Middleton T.H.;240267;USA;1930;1943;1990;1990;2;5;0;1;0;5;0;L60271;1942;1950;1999;x
Miley W.M.;240268;USA;1942;1990;1990;1990;3;6;256;1;0;5;0;L60272;1942;1970;1999;x
Millikin;240269;USA;1937;1990;1990;1990;2;6;4;1;0;5;0;L60273;1937;1970;1999;x
Mitchell E.W.;240270;USA;1945;1990;1990;1990;3;6;5;1;0;5;0;L60274;1945;1970;1999;x
Mitchell  R.;240271;USA;1942;1948;1990;1990;3;7;0;1;0;5;2;L60275;1942;1970;1999;x
Moise F.M.;240272;USA;1944;1990;1990;1990;3;4;256;1;0;5;0;L60276;1944;1970;1999;x
Montague;240273;USA;1943;1990;1990;1990;3;5;64;1;0;5;0;L60277;1943;1947;1999;x
Ward;240358;USA;1942;1990;1990;1990;3;5;128;1;0;5;0;L60363;1942;1970;1999;x
Watson;240359;USA;1944;1990;1990;1990;3;6;128;1;0;5;0;L60364;1944;1970;1999;x
Weaver;240360;USA;1938;1940;1990;1990;2;5;0;2;0;5;0;L60365;1938;1943;1999;x
Wedemeyer;240361;USA;1941;1943;1946;1990;2;7;4;3;0;5;0;L60366;1941;1970;1999;x
Wells;240362;USA;1930;1990;1990;1990;3;4;0;1;0;5;0;L60367;1930;1935;1999;x
Wheeler;240363;USA;1941;1944;1990;1990;2;6;1;2;0;5;0;L60368;1941;1970;1999;x
White  A.A.;240364;USA;1940;1990;1990;1990;3;4;2;1;0;5;0;L60369;1940;1970;1999;x
White  T.D.;240365;USA;1944;1945;1955;1990;2;7;0;3;0;5;2;L60370;1944;1970;1999;x
Willoughby;240366;USA;1942;1990;1990;1990;3;4;0;1;0;5;0;L60372;1942;1946;1999;x
Wing;240367;USA;1941;1990;1990;1990;3;5;0;1;0;5;0;L60373;1941;1945;1999;x
Wood  J.E.;240368;USA;1943;1990;1990;1990;3;4;0;1;0;5;0;L60374;1943;1963;1999;x
Wood  J.S.;240369;USA;1938;1990;1990;1990;3;7;128;3;0;5;0;L60375;1938;1946;1999;x
Woodruff;240370;USA;1940;1990;1990;1990;3;6;4;1;0;5;0;L60376;1940;1970;1999;x
Wyche I.T.;240371;USA;1941;1990;1990;1990;3;4;4;1;0;5;0;L60377;1941;1970;1999;x
Wyman;240372;USA;1941;1942;1943;1990;2;7;4;3;0;5;0;L60378;1941;1970;1999;x
Anderson  C.R.;240373;USA;1930;1990;1990;1990;3;5;0;1;0;5;1;L60379;1930;1943;1999;x
Anderson G.W.;240374;USA;1947;1957;1961;1990;1;6;0;3;0;5;1;L60380;1947;1970;1999;x
Barbey;240375;USA;1930;1942;1990;1990;2;5;0;2;0;5;1;L60381;1942;1951;1999;x
Beary;240376;USA;1941;1990;1990;1990;3;7;0;1;0;5;1;L60382;1941;1970;1999;x
Bogan;240377;USA;1943;1990;1990;1990;3;5;0;1;0;5;1;L60384;1943;1970;1999;x
Bulkeley;240378;USA;1939;1942;1990;1990;2;5;0;2;0;5;1;L60385;1939;1946;1999;x
Burke;240379;USA;1942;1955;1955;1990;2;6;4096;4;0;5;1;L60386;1942;1970;1999;x
Calhoun W.L.;240380;USA;1941;1942;1946;1990;2;7;0;2;0;5;1;L60387;1941;1963;1999;x
Callaghan;240381;USA;1941;1990;1990;1990;3;7;6144;1;0;5;1;L60388;1941;1970;1999;x
Campbell Kidd;240382;USA;1939;1990;1990;1990;3;5;0;1;0;5;1;L60389;1939;1944;1999;x
Cassady;240383;USA;1940;1990;1990;1990;3;6;0;1;0;5;1;L60390;1940;1947;1999;x
Christy;240384;USA;1939;1990;1990;1990;3;5;0;1;0;5;1;L60391;1939;1946;1999;x
Clark J.J.;240385;USA;1943;1952;1953;1990;3;5;0;2;0;5;1;L60392;1943;1970;1999;x
Comstock;240386;USA;1943;1990;1990;1990;3;5;1024;1;0;5;1;L60393;1943;1970;1999;x
Cooke C.M.;240387;USA;1930;1944;1946;1990;2;5;0;2;0;5;1;L60394;1942;1948;1999;x
Cooley;240388;USA;1941;1945;1990;1990;3;7;4096;2;0;5;1;L60395;1941;1970;1999;x
Copeland;240389;USA;1945;1990;1990;1990;3;5;0;1;0;5;1;L60396;1945;1970;1999;x
Cote;240390;USA;1939;1944;1990;1990;2;6;2048;2;0;5;1;L60397;1939;1970;1999;x
Denfield;240391;USA;1939;1943;1990;1990;2;5;0;2;0;5;1;L60398;1939;1970;1999;x
Durgin;240392;USA;1940;1990;1990;1990;3;5;0;1;0;5;1;L60399;1940;1944;1999;x
Edwards;240393;USA;1942;1944;1946;1990;2;7;0;3;0;5;1;L60400;1942;1970;1999;x
English R.H.;240394;USA;1941;1942;1990;1990;3;8;1024;3;0;5;1;L60401;1941;1943;1999;x
Fechteler;240395;USA;1942;1947;1951;1990;1;5;0;3;0;5;1;L60402;1942;1970;1999;x
Fife;240396;USA;1941;1990;1990;1990;3;5;1024;1;0;5;1;L60403;1941;1970;1999;x
Fletcher;240397;USA;1938;1942;1946;1990;2;6;12288;3;0;5;1;L60404;1938;1947;1999;x
Fuqua;240398;USA;1944;1990;1990;1990;3;5;1024;1;0;5;1;L60405;1944;1970;1999;x
Ghormley;240399;USA;1930;1939;1945;1990;1;5;0;3;0;5;1;L60406;1938;1947;1999;x
Giffen;240400;USA;1940;1990;1990;1990;3;5;0;1;0;5;1;L60407;1940;1970;1999;x
Ginder;240401;USA;1943;1990;1990;1990;3;5;0;1;0;5;1;L60408;1943;1970;1999;x
Glassford;240402;USA;1944;1990;1990;1990;3;6;8192;1;0;5;1;L60409;1944;1970;1999;x
Glover C.D.;240403;USA;1944;1955;1957;1990;2;7;2048;2;0;5;1;L60410;1944;1970;1999;x
Goward;240404;USA;1945;1990;1990;1990;3;5;0;1;0;5;1;L60411;1945;1970;1999;x
Gygax;240405;USA;1938;1990;1990;1990;3;4;0;1;0;5;1;L60412;1938;1970;1999;x
Hall J.L.;240406;USA;1943;1945;1953;1990;3;6;4096;1;0;5;1;L60413;1943;1970;1999;x
Hardison O.B.;240408;USA;1942;1990;1990;1990;3;6;8192;1;0;5;1;L60415;1942;1970;1999;x
Harrill W.K.;240409;USA;1940;1990;1990;1990;3;5;0;1;0;5;1;L60416;1940;1946;1999;x
Hart;240410;USA;1938;1941;1943;1990;1;8;4096;3;0;5;1;L60417;1938;1970;1999;x
Henderson;240411;USA;1942;1990;1990;1990;3;7;8192;1;0;5;1;L60418;1942;1970;1999;x
Hewitt;240412;USA;1930;1942;1990;1990;2;5;0;2;0;5;1;L60419;1930;1946;1999;x
Hill;240413;USA;1939;1943;1990;1990;2;5;0;2;0;5;1;L60420;1939;1970;1999;x
Hilles;240414;USA;1944;1990;1990;1990;3;5;0;1;0;5;1;L60421;1944;1970;1999;x
Ingram;240415;USA;1942;1990;1990;1990;3;5;0;1;0;5;1;L60422;1942;1970;1999;x
Kalbfus;240416;USA;1937;1939;1941;1990;1;6;4096;3;0;5;1;L60423;1937;1942;1999;x
Kimmel H.E.;240417;USA;1937;1939;1941;1990;1;6;0;3;0;5;1;L60424;1937;1970;1999;x
King;240418;USA;1930;1930;1941;1944;0;9;6144;5;0;5;1;L60425;1930;1945;1999;x
Kinkaid;240419;USA;1941;1943;1945;1990;2;7;6144;3;0;5;1;L60426;1941;1970;1999;x
Kirk;240420;USA;1930;1990;1990;1990;3;5;0;1;0;5;1;L60427;1939;1947;1999;x
Leahy;240422;USA;1930;1930;1930;1944;1;8;4608;2;0;5;1;L60429;1927;1947;1999;x
Lee W.A.;240423;USA;1940;1943;1990;1990;2;6;0;1;0;5;1;L60430;1940;1945;1999;x
Lindsay;240424;USA;1930;1990;1990;1990;3;5;512;1;0;5;1;L60431;1930;1939;1999;x
Lockwood C.A.;240425;USA;1939;1943;1990;1990;2;8;1024;2;0;5;1;L60432;1939;1967;1999;x
Maguire;240426;USA;1944;1990;1990;1990;3;5;2048;1;0;5;1;L60433;1944;1970;1999;x
Martin;240427;USA;1942;1946;1990;1990;3;6;0;2;0;5;1;L60434;1942;1970;1999;x
Mason;240428;USA;1930;1990;1990;1990;3;5;0;1;0;5;1;L60435;1940;1946;1999;x
McCain J.S.;240429;USA;1940;1943;1945;1990;2;5;0;2;0;5;1;L60436;1941;1945;1999;x
McCann;240430;USA;1939;1990;1990;1990;3;6;1024;1;0;5;1;L60437;1939;1945;1999;x
McCollum A.H.;240431;USA;1930;1990;1990;1990;3;5;0;1;0;5;1;L60438;1940;1970;1999;x
McCormick;240432;USA;1939;1942;1944;1990;2;5;0;3;0;5;1;L60439;1939;1946;1999;x
McKee A.I.;240433;USA;1943;1990;1990;1990;3;5;0;1;0;5;1;L60440;1943;1970;1999;x
McMorris C.H.;240434;USA;1942;1990;1990;1990;3;5;8192;1;0;5;1;L60441;1942;1970;1999;x
Mills G.H.;240435;USA;1944;1990;1990;1990;3;5;0;1;0;5;1;L60442;1944;1970;1999;x
Mitscher;240436;USA;1942;1944;1946;1990;2;8;0;3;0;5;1;L60443;1942;1947;1999;x
Momsen;240437;USA;1941;1944;1990;1990;2;7;1024;2;0;5;1;L60444;1941;1970;1999;x
Moore  G.C.;240438;USA;1930;1941;1990;1990;2;5;0;2;0;5;1;L60445;1930;1944;1999;x
Moore  S.;240439;USA;1939;1942;1990;1990;2;5;0;2;0;5;1;L60446;1939;1945;1999;x
Mullinix;240440;USA;1943;1990;1990;1990;3;5;0;1;0;5;1;L60447;1943;1970;1999;x
Noyes;240442;USA;1944;1990;1990;1990;3;5;2048;1;0;5;1;L60449;1944;1970;1999;x
Ofstie;240443;USA;1939;1990;1990;1990;3;5;0;1;0;5;1;L60450;1939;1944;1999;x
Ogan;240444;USA;1930;1990;1990;1990;3;5;0;1;0;5;1;L60451;1930;1941;1999;x
Oldendorf;240445;USA;1942;1944;1947;1990;3;6;0;3;0;5;1;L60452;1942;1970;1999;x
Paine R.W.;240446;USA;1944;1990;1990;1990;3;5;1024;1;0;5;1;L60453;1944;1970;1999;x
Peterson;240447;USA;1941;1945;1990;1990;3;5;0;2;0;5;1;L60454;1941;1970;1999;x
Powell P.P.;240448;USA;1940;1990;1990;1990;3;7;2048;2;0;5;1;L60455;1940;1970;1999;x
Price J.D.;240449;USA;1930;1946;1954;1990;2;5;8192;2;0;5;2;L60456;1940;1950;1999;x
Pye;240450;USA;1942;1946;1990;1990;3;5;0;2;0;5;1;L60457;1942;1970;1999;x
Robbins;240452;USA;1943;1990;1990;1990;3;5;0;1;0;5;1;L60459;1943;1970;1999;x
Rodgers;240453;USA;1930;1990;1990;1990;3;5;0;1;0;5;1;L60460;1930;1939;1999;x
Schoeffel;240454;USA;1944;1990;1990;1990;3;5;0;1;0;5;1;L60461;1944;1970;1999;x
Scott;240455;USA;1938;1942;1990;1990;2;7;4096;2;0;5;1;L60462;1938;1947;1999;x
Sherman  F.C.;240456;USA;1942;1945;1990;1990;3;7;4096;2;0;5;1;L60463;1942;1947;1999;x
Sherman  F.P.;240457;USA;1943;1948;1949;1990;1;6;4096;3;0;5;1;L60464;1943;1970;1999;x
Smith;240458;USA;1939;1990;1990;1990;3;5;1024;1;0;5;1;L60465;1939;1946;1999;x
Smith-Hutton;240459;USA;1930;1990;1990;1990;3;5;0;1;0;5;1;L60466;1930;1942;1999;x
Sprague  C.A.F.;240460;USA;1944;1946;1990;1990;3;5;0;2;0;5;1;L60467;1944;1970;1999;x
Sprague  T.L.;240461;USA;1943;1990;1990;1990;3;8;0;1;0;5;1;L60468;1943;1970;1999;x
Spruance;240462;USA;1940;1943;1944;1990;1;9;4096;4;0;5;1;L60469;1940;1970;1999;x
Stark;240463;USA;1930;1930;1939;1990;1;7;10240;2;0;5;1;L60470;1930;1946;1999;x
Stump F.B.;240464;USA;1940;1948;1953;1990;3;5;0;1;0;5;1;L60471;1940;1970;1999;x
Theobald;240465;USA;1945;1990;1990;1990;3;5;0;1;0;5;1;L60473;1945;1970;1999;x
Towers J.H.;240466;USA;1939;1942;1945;1990;2;6;0;2;0;5;1;L60474;1939;1955;1999;x
Turner  K.;240467;USA;1939;1942;1944;1990;1;7;0;3;0;5;1;L60475;1939;1970;1999;x
Turner R.;240468;USA;1941;1943;1944;1990;2;6;0;3;0;5;1;L60476;1941;1947;1999;x
Upham;240469;USA;1930;1930;1930;1990;1;5;8192;1;0;5;1;L60477;1927;1936;1999;x
Walters;240470;USA;1945;1990;1990;1990;3;4;1024;1;0;5;1;L60478;1945;1970;1999;x
Withers;240471;USA;1930;1942;1990;1990;2;7;1024;2;0;5;1;L60479;1930;1945;1999;x
Wright  C.;240472;USA;1942;1990;1990;1990;3;7;4096;1;0;5;1;L60480;1942;1970;1999;x
Wright  J.;240473;USA;1942;1944;1990;1990;3;7;4096;2;0;5;1;L60481;1942;1970;1999;x
Andrews F.M.;240474;USA;1930;1941;1943;1990;2;7;36864;2;0;5;2;L60482;1934;1943;1999;x
Arnold  A.V.;240475;USA;1940;1942;1990;1990;2;5;64;2;0;5;0;L60483;1940;1946;1999;x
Arnold H.;240476;USA;1930;1938;1941;1944;1;9;32768;4;0;5;2;L60484;1936;1946;1999;x
Balchen;240477;USA;1944;1990;1990;1990;3;5;32768;1;0;5;2;L60485;1944;1970;1999;x
Bellinger P.N.L.;240478;USA;1939;1943;1990;1990;2;6;131072;2;0;5;2;L60486;1939;1962;1999;x
Blakeslee;240479;USA;1944;1990;1990;1990;3;5;65536;1;0;5;2;L60487;1944;1970;1999;x
Bradley;240480;USA;1943;1990;1990;1990;3;6;4096;1;0;5;2;L60488;1943;1970;1999;x
Brereton;240481;USA;1938;1944;1990;1990;2;6;4096;2;0;5;2;L60489;1938;1970;1999;x
Brett;240482;USA;1939;1941;1990;1990;2;5;0;2;0;5;2;L60490;1941;1945;1999;x
Brooks;240483;USA;1945;1990;1990;1990;3;5;131072;1;0;5;2;L60491;1945;1970;1999;x
Browne;240484;USA;1944;1990;1990;1990;3;5;16384;1;0;5;2;L60492;1944;1946;1999;x
Burch W.O.;240485;USA;1941;1990;1990;1990;3;5;0;1;0;5;2;L60493;1941;1970;1999;x
Byerts;240486;USA;1944;1990;1990;1990;3;5;16384;1;0;5;2;L60494;1944;1970;1999;x
Cannon;240487;USA;1942;1943;1945;1990;2;9;131072;3;0;5;2;L60495;1942;1970;1999;x
Cella;240488;USA;1943;1990;1990;1990;3;5;16384;1;0;5;2;L60496;1943;1970;1999;x
Chennault C.L.;240489;USA;1930;1943;1958;1990;2;7;16384;2;0;5;2;L60497;1930;1958;1999;x
Chickering;240490;USA;1943;1946;1990;1990;3;5;4096;2;0;5;2;L60498;1943;1970;1999;x
Cochran;240491;USA;1942;1990;1990;1990;3;5;0;1;0;5;2;L60500;1942;1944;1999;x
Collins J.F.;240492;USA;1943;1990;1990;1990;3;5;0;1;0;5;2;L60501;1943;1970;1999;x
Craigie;240493;USA;1943;1990;1990;1990;3;5;0;1;0;5;2;L60502;1943;1970;1999;x
Davis jr.;240494;USA;1944;1990;1990;1990;3;6;4096;1;0;5;2;L60503;1944;1970;1999;x
Emmons D.C.;240495;USA;1930;1940;1990;1990;2;5;0;2;0;5;2;L60504;1930;1965;1999;x
Doolittle;240496;USA;1942;1943;1945;1990;2;7;32768;3;0;5;2;L60505;1942;1946;1999;x
Eaker I.C.;240497;USA;1930;1942;1945;1990;2;7;16384;3;0;5;2;L60506;1930;1970;1999;x
Ellison;240498;USA;1944;1990;1990;1990;3;5;16384;1;0;5;2;L60507;1944;1970;1999;x
Ferguson;240499;USA;1938;1943;1990;1990;2;7;16384;2;0;5;2;L60508;1938;1946;1999;x
Fitch;240500;USA;1939;1942;1990;1990;2;7;131072;2;0;5;2;L60509;1939;1946;1999;x
Forrest III N.B.;240501;USA;1930;1942;1990;1990;3;5;0;1;0;5;2;L60510;1930;1943;1999;x
Frank;240502;USA;1938;1941;1990;1990;3;6;4096;2;0;5;2;L60511;1938;1945;1999;x
French H.A.;240503;USA;1943;1990;1990;1990;3;5;16384;1;0;5;2;L60512;1943;1970;1999;x
Gardner;240504;USA;1942;1947;1990;1990;3;7;65536;2;0;5;2;L60514;1942;1970;1999;x
Giles B.M.;240506;USA;1941;1944;1990;1990;2;6;8192;2;0;5;2;L60517;1941;1946;1999;x
Burnham;240644;USA;1916;1932;1932;1932;3;6;0;2;0;5;0;unknownleader;1916;1932;1999;x
Glenn;240645;USA;1916;1932;1932;1932;3;6;0;2;0;5;0;1716;1916;1928;1999;x
Wilder;240646;USA;1914;1932;1932;1932;3;6;0;1;0;5;0;1717;1914;1925;1999;x
Barry;240647;USA;1911;1915;1932;1932;3;6;0;2;0;5;0;1718;1911;1928;1999;x
Kennon;240648;USA;1910;1916;1932;1932;2;7;4;2;0;5;0;1719;1910;1928;1999;x
Van Vliet;240649;USA;1914;1932;1932;1932;3;6;0;1;0;5;0;1720;1914;1930;1999;x
Martin W.;240650;USA;1916;1932;1932;1932;3;6;0;1;0;5;0;unknownleader;1916;1932;1999;x
Plummer;240651;USA;1912;1932;1932;1932;3;6;0;2;0;5;0;1721;1912;1925;1999;x
Getty;240652;USA;1914;1924;1932;1932;3;6;8;2;0;5;0;1722;1914;1928;1999;x
Weigel;240653;USA;1914;1932;1932;1932;3;6;0;2;0;5;0;1723;1914;1928;1999;x
Winn;240654;USA;1911;1920;1932;1932;2;6;0;2;0;5;0;1724;1911;1928;1999;x
Greene H.;240655;USA;1910;1932;1932;1932;3;6;4;2;0;5;0;1725;1910;1925;1999;x
Erwin;240656;USA;1916;1932;1932;1932;3;6;0;1;0;5;0;unknownleader;1916;1932;1999;x
Hoffman;240657;USA;1916;1932;1932;1932;3;6;0;1;0;5;0;unknownleader;1916;1932;1999;x
Holbrook W.;240658;USA;1911;1920;1932;1932;2;6;0;2;0;5;0;1726;1911;1930;1999;x
Gaston;240659;USA;1916;1932;1932;1932;3;6;0;1;0;5;0;unknownleader;1916;1932;1999;x
Carter;240660;USA;1900;1911;1918;1932;2;6;2;3;0;5;0;1727;1900;1922;1999;x
Burkhardt;240661;USA;1918;1932;1932;1932;3;6;0;2;0;5;0;unknownleader;1918;1932;1999;x
Laubach;240662;USA;1916;1932;1932;1932;3;6;0;1;0;5;0;unknownleader;1916;1932;1999;x
Hutcheson;240663;USA;1908;1919;1932;1932;3;6;0;2;0;5;0;6129;1908;1925;1999;x
Carleton;240664;USA;1916;1932;1932;1932;3;6;0;1;0;5;0;unknownleader;1916;1932;1999;x
Estes;240665;USA;1916;1932;1932;1932;3;6;0;1;0;5;0;unknownleader;1916;1932;1999;x
Bennett L.;240666;USA;1915;1932;1932;1932;3;6;0;2;0;5;0;1728;1915;1930;1999;x
Lasseigne;240667;USA;1909;1932;1932;1932;3;6;0;2;0;5;0;1729;1909;1925;1999;x
Simmons;240668;USA;1916;1932;1932;1932;3;6;0;1;0;5;0;unknownleader;1916;1932;1999;x
Sweetser;240669;USA;1911;1919;1932;1932;2;6;2;2;0;5;0;1730;1911;1930;1999;x
Gaujot;240670;USA;1917;1932;1932;1932;3;6;64;2;0;5;0;1731;1917;1932;1999;x
Croft;240671;USA;1917;1932;1932;1932;3;5;0;1;0;5;0;1732;1917;1930;1999;x
Smith M.;240672;USA;1916;1932;1932;1932;3;6;0;2;0;5;0;unknownleader;1916;1932;1999;x
Martin Ca.;240673;USA;1918;1932;1932;1932;3;6;0;1;0;5;0;unknownleader;1918;1932;1999;x
Day;240674;USA;1916;1932;1932;1932;3;6;0;1;0;5;0;unknownleader;1916;1932;1999;x
Stewart G.;240675;USA;1918;1932;1932;1932;3;6;0;2;0;5;0;unknownleader;1918;1932;1999;x
Styer;240676;USA;1914;1932;1932;1932;3;6;8;1;0;5;0;1733;1914;1930;1999;x
Connor;240677;USA;1916;1932;1932;1932;3;6;0;2;0;5;0;1734;1916;1930;1999;x
McAlexander;240678;USA;1914;1924;1932;1932;2;6;2;3;0;5;0;1735;1914;1932;1999;x
Dawes;240679;USA;1912;1919;1932;1932;3;6;0;1;0;5;0;1736;1912;1930;1999;x
Foulois;240681;USA;1907;1917;1925;1932;1;7;4096;1;0;5;2;1738;1907;1932;1999;x
Milling;240682;USA;1911;1918;1932;1932;2;6;0;0;0;5;2;1739;1911;1932;1999;x
Lahm;240683;USA;1907;1919;1932;1932;3;5;0;0;0;5;2;1740;1907;1932;1999;x
Rickenbacker;240685;USA;1916;1932;1932;1932;3;7;0;1;0;5;2;1742;1916;1932;1999;x
Hartney;240686;USA;1912;1932;1932;1932;3;6;0;0;0;5;2;1743;1912;1932;1999;x
Benson;240687;USA;1908;1912;1914;1922;1;8;4096;3;0;5;1;1744;1908;1928;1999;x
Eberle;240688;USA;1908;1914;1919;1925;2;8;0;3;0;5;1;1745;1908;1927;1999;x
Coontz;240689;USA;1909;1914;1919;1932;1;7;0;3;0;5;1;1746;1909;1930;1999;x
Fiske;240690;USA;1903;1911;1918;1932;1;7;0;2;0;5;1;1747;1903;1930;1999;x
Mayo;240691;USA;1904;1914;1916;1921;1;7;4096;3;0;5;1;1748;1904;1930;1999;x
Sims;240692;USA;1904;1911;1914;1920;1;7;6144;3;0;5;1;1749;1904;1930;1999;x
Rodman;240693;USA;1907;1914;1921;1932;1;7;8192;3;0;5;1;1750;1907;1930;1999;x
Caperton;240694;USA;1904;1913;1914;1919;1;7;0;2;0;5;1;1751;1904;1928;1999;x
Gleaves;240695;USA;1907;1914;1919;1932;1;7;2048;2;0;5;1;1752;1907;1930;1999;x
Fletcher F.F.;240696;USA;1904;1911;1914;1932;1;7;4096;3;0;5;1;1753;1904;1925;1999;x
Wilson;240697;USA;1909;1914;1920;1932;1;7;0;2;0;5;1;1754;1909;1932;1999;x
Strauss;240698;USA;1908;1914;1917;1932;1;7;0;2;0;5;1;1755;1908;1932;1999;x
Niblack;240699;USA;1910;1917;1932;1932;2;7;0;3;0;5;1;1756;1910;1928;1999;x
Kautz;240700;USA;1897;1897;1932;1932;2;7;4096;3;0;5;1;1757;1897;1905;1999;x
Huse;240701;USA;1905;1914;1932;1932;2;7;0;3;0;5;1;1758;1905;1930;1999;x
Pratt;240702;USA;1917;1922;1928;1932;1;7;1024;2;0;5;1;1759;1917;1932;1999;x
Stickney;240703;USA;1911;1932;1932;1932;3;7;0;2;0;5;1;1760;1911;1930;1999;x
Sellers;240704;USA;1917;1925;1930;1932;1;7;0;3;0;5;1;1761;1917;1932;1999;x
Capps;240705;USA;1908;1914;1932;1932;2;7;0;2;0;5;1;1762;1908;1932;1999;x
Hughes C.F.;240706;USA;1911;1917;1923;1932;1;7;0;3;0;5;1;1763;1911;1932;1999;x
Hoogewerff;240707;USA;1909;1932;1932;1932;3;7;0;1;0;5;1;1764;1909;1928;1999;x
Snowden;240708;USA;1911;1932;1932;1932;3;7;0;1;0;5;1;unknownleader;1911;1925;1999;x
Kempff;240709;USA;1897;1899;1932;1932;2;7;2048;2;0;5;1;1765;1897;1905;1999;x
McCully;240710;USA;1914;1924;1932;1932;2;7;0;2;0;5;1;1766;1914;1932;1999;x
McKean;240711;USA;1914;1925;1932;1932;2;7;0;3;0;5;1;1767;1914;1932;1999;x
Beardslee;240712;USA;1897;1897;1932;1932;3;7;0;3;0;5;1;1768;1897;1901;1999;x
Ainsworth;240713;USA;1905;1918;1932;1932;2;6;0;3;0;5;0;1769;1905;1927;1999;x
Aleshire;240714;USA;1900;1911;1920;1932;2;6;1;2;0;5;0;1770;1900;1921;1999;x
Bertholf;240715;USA;1908;1932;1932;1932;3;7;0;2;0;5;1;1771;1908;1922;1999;x
Bristol;240716;USA;1915;1932;1932;1932;3;6;0;2;0;5;1;1772;1915;1932;1999;x
Clem;240717;USA;1900;1911;1921;1932;2;6;0;2;0;5;0;1773;1900;1925;1999;x
Clement;240718;USA;1916;1932;1932;1932;3;6;0;2;0;5;0;unknownleader;1916;1932;1999;x
Crozier;240719;USA;1901;1918;1932;1932;3;6;0;2;0;5;0;1774;1901;1925;1999;x
Davenport Jr.;240720;USA;1906;1932;1932;1932;3;6;0;2;0;5;1;unknownleader;1906;1920;1999;x
Glennon;240721;USA;1906;1917;1932;1932;2;7;0;3;0;5;1;1775;1906;1930;1999;x
Goethals;240722;USA;1907;1917;1932;1932;2;7;33;2;0;5;0;1776;1907;1924;1999;x
Harries;240723;USA;1916;1932;1932;1932;3;6;0;1;0;5;0;unknownleader;1916;1932;1999;x
Meade;240724;USA;1897;1897;1932;1932;2;6;512;2;0;5;1;1777;1897;1898;1999;x
MacIntyre;240725;USA;1916;1932;1932;1932;3;6;0;2;0;5;0;6130;1916;1932;1999;x
Rixey;240726;USA;1897;1932;1932;1932;3;5;0;1;0;5;1;1778;1897;1911;1999;x
Rogers;240727;USA;1912;1919;1932;1932;2;6;1;2;0;5;0;1779;1912;1925;1999;x
Squier;240728;USA;1908;1917;1922;1932;2;6;0;3;0;5;0;1780;1908;1930;1999;x
Sharpe;240729;USA;1908;1916;1920;1932;2;6;1;3;0;5;0;1781;1908;1930;1999;x
Mosby;240730;USA;1916;1932;1932;1932;3;6;0;1;0;5;0;1782;1916;1930;1999;x
Winslow;240731;USA;1908;1915;1932;1932;2;7;0;3;0;5;1;1783;1908;1925;1999;x
Winans;240732;USA;1916;1924;1932;1932;2;7;0;3;0;5;0;1784;1916;1932;1999;x
Boardman;240733;USA;1914;1919;1932;1932;3;7;0;2;0;5;0;1785;1914;1930;1999;x
Covell;240734;USA;1917;1932;1932;1932;3;7;0;2;0;5;0;1786;1917;1930;1999;x
McCoy;240735;USA;1916;1920;1932;1932;2;7;2;2;0;5;0;1787;1916;1932;1999;x
Smedberg;240736;USA;1915;1922;1932;1932;3;7;0;2;0;5;0;1788;1915;1930;1999;x
DeArmond;240737;USA;1917;1932;1932;1932;3;7;0;1;0;5;0;1789;1917;1930;1999;x
Fleming;240738;USA;1915;1932;1932;1932;3;7;0;2;0;5;0;1790;1915;1928;1999;x
Castner;240739;USA;1912;1919;1932;1932;3;7;0;3;0;5;0;1791;1912;1930;1999;x
Malone;240740;USA;1917;1932;1932;1932;3;7;0;2;0;5;0;1792;1917;1932;1999;x
Beach;240741;USA;1914;1932;1932;1932;3;7;0;2;0;5;0;1793;1914;1932;1999;x
Stewart M.B.;240742;USA;1916;1924;1932;1932;2;7;0;1;0;5;0;1794;1916;1932;1999;x
Foote;240743;USA;1917;1932;1932;1932;3;7;0;2;0;5;0;1795;1917;1930;1999;x
Hagood;240744;USA;1917;1932;1932;1932;3;7;0;1;0;5;0;1796;1917;1932;1999;x
Babbitt;240745;USA;1917;1932;1932;1932;3;7;0;1;0;5;0;1797;1917;1930;1999;x
Hale I.;240746;USA;1911;1932;1932;1932;3;7;0;2;0;5;0;1798;1911;1925;1999;x
Shafter;240747;USA;1897;1898;1932;1932;2;7;4;3;0;5;0;1799;1897;1900;1999;x
Brooke;240748;USA;1897;1898;1932;1932;2;7;0;3;0;5;0;1800;1897;1902;1999;x
Davis G.;240749;USA;1897;1932;1932;1932;3;6;0;2;0;5;0;1801;1897;1905;1999;x
Ernst;240750;USA;1897;1932;1932;1932;3;6;32;2;0;5;0;1802;1897;1902;1999;x
Henry;240751;USA;1897;1932;1932;1932;3;6;0;3;0;5;0;1803;1897;1902;1999;x
Lee F.;240752;USA;1897;1932;1932;1932;3;6;0;1;0;5;0;1804;1897;1902;1999;x
Ludlow;240753;USA;1897;1932;1932;1932;3;6;32;3;0;5;0;1805;1897;1902;1999;x
Miles;240754;USA;1897;1900;1932;1932;2;7;0;3;0;5;0;1806;1897;1904;1999;x
Wade;240755;USA;1903;1932;1932;1932;3;6;0;2;0;5;0;1807;1903;1908;1999;x
Wilson J.H.;240756;USA;1897;1932;1932;1932;3;6;518;3;0;5;0;1808;1897;1902;1999;x
MacArthur A.;240757;USA;1897;1906;1932;1932;2;7;22;3;0;5;0;1809;1897;1910;1999;x
Lawton;240758;USA;1897;1932;1932;1932;3;7;0;3;0;5;0;1810;1897;1900;1999;x
Otis;240759;USA;1897;1898;1932;1932;2;6;16;2;0;5;0;1811;1897;1901;1999;x
Merritt;240760;USA;1897;1898;1932;1932;2;7;0;3;0;5;0;1812;1897;1901;1999;x
Bates;240761;USA;1897;1900;1906;1913;1;6;2;3;0;5;0;1813;1897;1907;1999;x
Kent;240762;USA;1897;1932;1932;1932;3;6;0;3;0;5;0;1814;1897;1899;1999;x
Hawkins;240763;USA;1897;1932;1932;1932;3;6;0;2;0;5;0;1815;1897;1902;1999;x
Sumner;240764;USA;1897;1932;1932;1932;3;6;0;2;0;5;0;1816;1897;1902;1999;x
Ames;240765;USA;1897;1932;1932;1932;3;6;2;2;0;5;0;1817;1897;1899;1999;x
Greene F.;240766;USA;1897;1898;1932;1932;3;7;32;2;0;5;0;1818;1897;1900;1999;x
Dewey;240767;USA;1897;1898;1898;1899;0;8;77824;4;0;5;1;1819;1897;1911;1999;x
Sampson;240768;USA;1897;1898;1901;1932;2;8;6144;3;0;5;1;1820;1897;1903;1999;x
Sigsbee;240769;USA;1897;1905;1932;1932;2;6;0;2;0;5;1;1821;1897;1914;1999;x
McCalla;240770;USA;1897;1906;1932;1932;3;6;0;2;0;5;1;1822;1897;1909;1999;x
Brownson;240771;USA;1897;1902;1932;1932;2;7;4096;2;0;5;1;1823;1897;1911;1999;x
Dyer;240772;USA;1897;1932;1932;1932;3;6;0;2;0;5;1;unknownleader;1897;1907;1999;x
Allen J.;240773;USA;1902;1990;1990;1990;3;7;0;3;0;5;0;1824;1902;1925;1999;x
Andrews G.;240774;USA;1897;1990;1990;1990;3;5;0;2;0;5;0;1825;1897;1900;1999;x
Auman;240775;USA;1897;1990;1990;1990;3;5;0;1;0;5;0;unknownleader;1897;1902;1999;x
Atterbury;240776;USA;1904;1990;1990;1990;3;5;0;1;0;5;0;1826;1904;1932;1999;x
Austin;240777;USA;1910;1990;1990;1990;3;5;0;1;0;5;0;1827;1910;1932;1999;x
Baldwin;240778;USA;1902;1990;1990;1990;3;5;0;3;0;5;0;1828;1897;1907;1999;x
Bandholtz;240779;USA;1907;1990;1990;1990;3;8;4;2;0;5;0;1829;1907;1925;1999;x
Buffington;240780;USA;1897;1990;1990;1990;3;5;8;1;0;5;0;1830;1897;1911;1999;x
Batchelder;240781;USA;1897;1990;1990;1990;3;5;513;2;0;5;0;1831;1897;1898;1999;x
Beach L.;240782;USA;1910;1990;1990;1990;3;6;32;1;0;5;0;1832;1910;1932;1999;x
Bisbee;240783;USA;1897;1990;1990;1990;3;5;0;1;0;5;0;unknownleader;1897;1911;1999;x
Beck;240784;USA;1897;1990;1990;1990;3;7;0;3;0;5;0;1833;1897;1911;1999;x
Bennet J.;240785;USA;1911;1990;1990;1990;3;6;0;1;0;5;0;1834;1911;1932;1999;x
Berkeley;240786;USA;1918;1990;1990;1990;3;6;0;2;0;5;0;1835;1918;1932;1999;x
Bernard;240787;USA;1897;1990;1990;1990;3;5;0;1;0;5;0;1836;1897;1903;1999;x
Burton;240788;USA;1897;1990;1990;1990;3;5;0;1;0;5;0;unknownleader;1897;1911;1999;x
Berry;240789;USA;1900;1990;1990;1990;3;5;0;2;0;5;0;1837;1900;1925;1999;x
Burbank;240790;USA;1897;1990;1990;1990;3;5;0;1;0;5;0;unknownleader;1897;1911;1999;x
Biddle;240791;USA;1903;1914;1990;1990;3;6;4;3;0;5;0;1838;1903;1920;1999;x
Birkhimer;240792;USA;1897;1990;1990;1990;3;6;3;2;0;5;0;1839;1897;1914;1999;x
Bliss Z.;240793;USA;1897;1990;1990;1990;3;5;512;2;0;5;0;1840;1897;1898;1999;x
Palmer;241201;USA;1911;1990;1990;1990;3;7;0;2;0;5;1;6214;1911;1925;1999;x
Parks;241202;USA;1917;1990;1990;1990;3;6;0;1;0;5;1;6215;1917;1930;1999;x
Reeves;241203;USA;1916;1925;1932;1990;1;7;0;3;0;5;1;6216;1916;1990;1999;x
Ross;241204;USA;1905;1990;1990;1990;3;5;0;1;0;5;1;6217;1905;1916;1999;x
Schofield;241205;USA;1917;1990;1990;1990;2;6;0;2;0;5;1;6218;1917;1932;1999;x
Sebree;241206;USA;1897;1990;1990;1990;3;6;0;2;0;5;1;6219;1897;1915;1999;x
Taylor;241207;USA;1911;1990;1990;1990;3;7;0;3;0;5;1;6220;1911;1932;1999;x
Thomas;241208;USA;1897;1990;1990;1990;3;6;0;2;0;5;1;6221;1897;1916;1999;x
Upham;241209;USA;1914;1990;1990;1990;3;6;0;2;0;5;1;6222;1914;1932;1999;x
Walker;241210;USA;1897;1897;1990;1990;2;7;2560;3;0;5;1;6223;1897;1908;1999;x
Watson;241211;USA;1897;1897;1990;1990;2;7;0;2;0;5;1;6224;1897;1910;1999;x
Wood;241212;USA;1911;1990;1990;1990;3;5;0;1;0;5;1;6225;1911;1922;1999;x
Young;241213;USA;1897;1990;1990;1990;3;6;0;2;0;5;1;6226;1897;1912;1999;x
Allen;241214;USA;1902;1917;1990;1990;2;7;0;0;0;5;2;6227;1902;1925;1999;x
Bennet;241216;USA;1911;1990;1990;1990;3;5;0;0;0;5;2;6229;1911;1932;1999;x
Brooks;241218;USA;1916;1990;1990;1990;3;5;0;0;0;5;2;6231;1916;1932;1999;x
Campbell;241219;USA;1917;1990;1990;1990;3;5;0;0;0;5;2;6232;1917;1932;1999;x
Cook;241220;USA;1914;1990;1990;1990;3;6;0;0;0;5;2;6233;1914;1932;1999;x
Eaker;241221;USA;1917;1922;1930;1990;1;8;0;0;0;5;2;6234;1917;1932;1999;x
Greely;241222;USA;1897;1904;1990;1990;2;6;512;0;0;5;2;6235;1897;1914;1999;x
Johnson;241223;USA;1917;1990;1990;1990;3;5;0;0;0;5;2;6236;1917;1932;1999;x
Lambert;241224;USA;1915;1990;1990;1990;3;6;0;0;0;5;2;6237;1915;1932;1999;x
Menoher;241225;USA;1907;1917;1925;1990;2;8;0;1;0;5;2;6238;1907;1931;1999;x
Moffett;241226;USA;1916;1920;1990;1990;2;8;4096;1;0;5;2;6239;1916;1934;1999;x
Pratt;241227;USA;1914;1990;1990;1990;3;7;0;0;0;5;2;6240;1914;1932;1999;x
Russel;241229;USA;1910;1990;1990;1990;3;5;0;0;0;5;2;6241;1910;1930;1999;x
Scriven;241230;USA;1905;1914;1990;1990;2;6;0;0;0;5;2;6242;1905;1930;1999;x
Squier;241232;USA;1908;1917;1990;1990;2;7;0;1;0;5;2;6244;1908;1930;1999;x
Winslow;241234;USA;1914;1990;1990;1990;3;5;0;0;0;5;2;6246;1914;1932;1999;x
Carlin;241235;USA;1897;1990;1990;1990;3;6;512;2;0;5;0;6247;1897;1899;1999;x
Donnelly;241236;USA;1897;1990;1990;1990;3;5;0;2;0;5;0;6248;1897;1905;1999;x
Dickson;241237;USA;1917;1990;1990;1990;3;5;0;1;0;5;0;6249;1917;1930;1999;x
Du barry;241238;USA;1897;1990;1990;1990;3;6;513;2;0;5;0;6250;1897;1899;1999;x
Gibbon;241239;USA;1897;1897;1990;1990;2;6;512;3;0;5;0;6251;1897;1899;1999;x
Gorgas;241240;USA;1905;1914;1990;1990;2;5;1;2;0;5;0;6252;1905;1920;1999;x
Gregg;241241;USA;1897;1990;1990;1990;3;6;512;2;0;5;0;6253;1897;1899;1999;x
Hughes;241242;USA;1897;1990;1990;1990;3;5;0;1;0;5;0;6254;1897;1914;1999;x
Penn;241243;USA;1912;1920;1990;1990;3;6;0;2;0;5;0;6255;1912;1928;1999;x
Reece;241244;USA;1897;1990;1990;1990;3;5;512;1;0;5;0;6256;1897;1907;1999;x
Scott;241245;USA;1911;1990;1990;1990;3;5;0;1;0;5;0;6257;1911;1920;1999;x
Smith;241246;USA;1897;1990;1990;1990;3;5;512;1;0;5;0;6258;1897;1909;1999;x
Cole;241247;USA;1919;1990;1990;1990;3;5;0;1;0;5;1;6259;1919;1932;1999;x
Davis;241248;USA;1897;1905;1990;1990;3;6;8192;3;0;5;1;6260;1897;1914;1999;x
Shepard;241249;USA;1897;1990;1990;1990;3;5;512;1;0;5;1;6261;1897;1900;1999;x
Snow;241250;USA;1897;1990;1990;1990;3;5;0;1;0;5;1;6262;1897;1914;1999;x
Stanton;241251;USA;1897;1900;1990;1990;3;5;512;2;0;5;1;6263;1897;1900;1999;x
Chase;241252;USA;1917;1920;1990;1990;2;6;0;2;0;5;1;6264;1917;1932;1999;x
Kimberly;241253;USA;1897;1990;1990;1990;2;5;512;2;0;5;1;6265;1897;1899;1999;x
Williams;241254;USA;1917;1990;1990;1990;3;6;0;1;0;5;1;6266;1917;1932;1999;x
Beck;241255;USA;1908;1990;1990;1990;3;5;0;0;0;5;2;6267;1908;1922;1999;x
Taylor;241256;USA;1911;1917;1990;1990;2;5;0;1;0;5;2;6220;1911;1932;1999;x
Andrews;241258;USA;1918;1990;1990;1990;3;6;0;0;0;5;2;6269;1918;1932;1932;x
Price;241260;USA;1917;1990;1990;1990;3;5;0;1;0;5;0;6271;1917;1930;1999;x
Biddle J.;241261;USA;1910;1920;1990;1990;3;6;2;1;0;5;0;6272;1910;1932;1999;x
Breck;241262;USA;1897;1897;1903;1990;2;7;512;3;0;5;0;6273;1897;1904;1999;x
Cole C.;241263;USA;1912;1990;1990;1990;3;6;4;1;0;5;0;6274;1912;1930;1999;x
Devol;241264;USA;1900;1920;1990;1990;3;5;0;1;0;5;0;6275;1900;1925;1999;x
Langfitt;241265;USA;1910;1917;1990;1990;2;6;16;2;0;5;0;6276;1910;1930;1999;x
Mccaskey;241266;USA;1897;1912;1990;1990;3;5;4;2;0;5;0;6277;1897;1914;1999;x
O'Reilly;241267;USA;1897;1990;1990;1990;2;5;0;1;0;5;0;6278;1897;1917;1999;x
Tillman;241268;USA;1900;1990;1990;1990;3;6;0;1;0;5;0;6279;1900;1930;1999;x
Young R.;241269;USA;1907;1990;1990;1990;3;6;0;2;0;5;0;6280;1907;1930;1999;x
Andrews P.;241270;USA;1917;1990;1990;1990;3;6;0;2;0;5;1;6281;1917;1930;1999;x
Burrage;241271;USA;1917;1990;1990;1990;3;5;0;1;0;5;1;6282;1917;1930;1999;x
Craven;241272;USA;1917;1990;1990;1990;3;6;0;2;0;5;1;6283;1917;1990;1999;x
Gove;241273;USA;1900;1990;1990;1990;3;6;0;1;0;5;1;6284;1900;1920;1999;x
Grayson;241274;USA;1914;1990;1990;1990;3;5;0;1;0;5;1;6285;1914;1930;1999;x
Higginson;241275;USA;1897;1990;1990;1990;3;6;0;3;0;5;1;6286;1897;1914;1999;x
Kirkland;241276;USA;1897;1897;1990;1990;2;6;0;2;0;5;1;6287;1897;1908;1999;x
Hepburn;241277;USA;1917;1990;1990;1990;1;7;0;2;0;5;1;6288;1917;1930;1999;x
Laning;241278;USA;1918;1990;1990;1990;1;6;0;1;0;5;1;6289;1918;1940;1999;x
Picking;241279;USA;1897;1909;1990;1990;3;5;0;1;0;5;1;6290;1897;1911;1999;x
Potts;241280;USA;1897;1990;1990;1990;3;5;0;1;0;5;1;6291;1897;1908;1999;x
Rodgers R.;241281;USA;1900;1990;1990;1990;3;6;0;2;0;5;1;6292;1900;1914;1999;x
Singer;241282;USA;1897;1907;1990;1990;3;6;4096;2;0;5;1;6293;1897;1911;1999;x
Byrd;241283;USA;1918;1990;1990;1990;3;6;0;1;0;5;2;6294;1918;1930;1999;x
Craven;241284;USA;1916;1921;1990;1990;2;7;131072;1;0;5;2;unknownleader;1916;1932;1999;x
Marshall;241163;USA;1900;1990;1990;1990;3;5;32;1;0;5;0;6181;1900;1917;1999;x
Bradley;241140;USA;1904;1990;1990;1990;3;6;0;3;0;5;0;6163;1904;1922;1999;x
